PROJECT,BRANCH,CURRENT HEAD,APPLICATION ID,STATUS,LATEST ACCEPTANCE CI,API 26,API 36,RELEASE BUILD,PERMANENT SIGNING,SIGNER SHA-256,ARM64 APK,UNIVERSAL APK,AAB,INSTALL TEST,FINAL RESULT,BLOCKER
Nami,nami/standalone-foundation,276e2e33adb673ee23880b6d2935b9703160c85f,app.nami.android,PRODUCTION FINALIZED,#472 SUCCESS / 36974075213 (attempt 1),PASS — permanently signed universal,PASS — permanently signed universal,"PASS — current checkout, tests, minified APK/AAB",CONFIGURED AND VERIFIED; OWNER RECOVERY VERIFIED,a3aa7cafd99921b750d2535053ef3d493e3749a5cc92ee5d29b059ba4ee7995a,nami-arm64-v8a-release-ci-signed.apk,nami-universal-release-ci-signed.apk,nami-release-ci-signed.aab,PASS — final production universal on API26/API36,PRODUCTION FINALIZED,
Cortex,cortex-android-live,f23bc464fe25ecab5fc772499ec2cf865740b95f,com.night.cortex,PRODUCTION FINALIZED,#217 SUCCESS / 36976187255 (attempt 1),PASS — permanently signed universal,PASS — permanently signed universal,"PASS — current checkout, tests, minified APK/AAB",CONFIGURED AND VERIFIED; OWNER RECOVERY VERIFIED,47aaa57d156ec1d2812c2787e1e12ec4e05ac59694c576dc412ef3bae2d703e8,Cortex_ARM64_INSTALLABLE.apk,Cortex_UNIVERSAL_INSTALLABLE.apk,Cortex_RELEASE.aab,PASS — final production universal on API26/API36,PRODUCTION FINALIZED,
MirrorChess,mirrorchess-sdk36-min26-20260922,3536d51e4c9b5de66fc1511225b49deac07b0f8a,com.night.mirrorchess,PRODUCTION FINALIZED,#114 SUCCESS / 36998454972 (attempt 2),PASS — permanently signed universal,PASS — permanently signed universal,"PASS — current checkout, tests, minified APK/AAB",CONFIGURED AND VERIFIED; OWNER RECOVERY VERIFIED,39a516df91001cd022408b2221fb434cb1283c6931595681e1a5c653c9b210f5,MirrorChess-1.2.0-arm64-v8a-release.apk,MirrorChess-1.2.0-universal-release.apk,MirrorChess-1.2.0-release.aab,PASS — final production universal on API26/API36,PRODUCTION FINALIZED,
Torri,torri-compile-runner-20260922,acb4ebcc7ac3fbcbffa7ee572d40c81ed60ede01,app.torri,INCOMPLETE — NOT SIGNED AS FINAL,Torri Compile Runner #97 success / 36684086037,QA release PASS,QA release PASS,Unsigned minified release + AAB built,Existing owner key recovered; candidates signature VERIFIED,6b1ab58169e3a8dd4370860d5d03060b035476b43cceaf2bd8da7ca1fe37ab44,NOT PRODUCED AS FINAL,NOT PRODUCED AS FINAL,NOT PRODUCED AS FINAL,QA / candidate only; not production finalized,INCOMPLETE — NOT SIGNED AS FINAL,Final production-key APK acceptance missing. libimagedecoder.so in ARM64/x86_64 has 4096-byte ELF LOAD alignment; resolve and validate 16KB native compatibility. QA reader seeding also needs a compatible signer/data strategy.
Lyra,spotui-standalone-ci,48ae9ad4c79c3655d02daa2ea98fe6908175bfa2,com.night.spotui,INCOMPLETE — NOT SIGNED AS FINAL,Lyra Android #168 FAILURE / 36999448456,SKIPPED,FAIL — live smoke,SKIPPED,Existing unique owner key recovered and CI configured; current signed acceptance absent,2e0d59d39b494b5e1d8eb7ae62c9fc7ad67bad2f7b59e62d1c072feb2457d700,NOT PRODUCED AS FINAL,NOT PRODUCED AS FINAL,NOT PRODUCED AS FINAL,NOT YET VERIFIED FOR CURRENT PERMANENT BINARY,INCOMPLETE — NOT SIGNED AS FINAL,Current API36 live smoke times out waiting for Download Never Gonna Give You Up after queue navigation. API26 and permanent-release acceptance skipped. Existing key preserved; no production finalization.
Endless,endless-android-ci,5e21f3fe13fe2e40a433402b6dbbddb954683948,com.night.endless,PRODUCTION FINALIZED,#151 SUCCESS / 36998925802 (attempt 1),PASS — permanently signed universal,PASS — permanently signed universal,"PASS — current checkout, tests, minified APK/AAB",CONFIGURED AND VERIFIED; OWNER RECOVERY VERIFIED,4379c791a42d92e349dca2e573ca69c90a25ad812609f348dfac464c12162b9d,Endless-1.0.0-arm64-production-signed.apk,Endless-1.0.0-release-production-signed.apk,Endless-1.0.0-release-production-signed.aab,PASS — final production universal on API26/API36,PRODUCTION FINALIZED,
Veya,veya-android-ci,e0fd669babd4cbe49a78d6b7a4e62cb4a6c100da,com.veya.app,INCOMPLETE — NOT SIGNED AS FINAL,Veya Android CI #41 SUCCESS / 36999751796,QA release PASS,QA release PASS,Unsigned release inputs + QA-signed runtime PASS,Existing unique key recovered; four protected CI secrets absent,2e7bb19e87af53038c8b696e472d1008b7197c8ea3dac93cf3e046bc52f4ad84,NOT PRODUCED AS FINAL,NOT PRODUCED AS FINAL,NOT PRODUCED AS FINAL,QA ONLY — not final production identity,INCOMPLETE — NOT SIGNED AS FINAL,"Ready for signing finalization, but current runtime binary is QA-signed. Action-time confirmation needed to install existing Veya credentials as Actions secrets; then rerun exact permanently signed acceptance."
Cubic,cubic-android-ci,0ac0b89539edea2783c61ed19ed4be4053f99b6d,com.tomex777.cubic,INCOMPLETE — NOT SIGNED AS FINAL,Cubic Android CI #56 success / 36939892520,CURRENT CI PASS; independent final validation pending,CURRENT CI PASS; independent final validation pending,Current APK independently verifies v2/v3 RSA4096,BLOCKED — conflicting production identities / artifact credential recovery,cfd16302f35ea53892d2b319d6a52a0d0e9a53a5310b0ce20efd99773a9f4cbe (current); fbe56623ba58feb89dc5f9865dd33f6283c381b3c0e82ff4914eaf22995d0c33 (prior rotated),NOT PRODUCED AS FINAL,NOT PRODUCED AS FINAL,NOT PRODUCED AS FINAL,QA / candidate only; not production finalized,INCOMPLETE — NOT SIGNED AS FINAL,Current signed APK uses original cfd16302…; prior rotated production APK uses fbe56623…. Workflow retrieves signing credentials from Actions artifact 11082919418 when secrets absent. Certificate continuity and confidential key custody unresolved; no further rotation authorized.
Yomi,yomi-reader-foundation,2ba23c1ff49e1e45eba5c823b49000956fd95e3e,app.yomi.reader,INCOMPLETE — NOT SIGNED AS FINAL,Yomi Reader CI #75 success / 36648499150,Development acceptance PASS,Development acceptance PASS,Production-package CI candidate exists,Owner identity NOT VERIFIED,UNVERIFIED,NOT PRODUCED AS FINAL,NOT PRODUCED AS FINAL,NOT PRODUCED AS FINAL,NOT VERIFIED,INCOMPLETE — NOT SIGNED AS FINAL,Runtime acceptance used app.yomi.reader.dev; standalone production-package/signature workflow has not run. No recoverable permanent key was found. Do not replace an unknown configured key.
Slumber,slumber-087-build,dc9a2e4c911246b82598120ffb4a8d60672f24e6,com.night.pianohub (historical; current payload not reconstructed),INCOMPLETE — NOT SIGNED AS FINAL,Slumber Icon Visual Preview #6 success / 36733142086,OLDER QA PASS,OLDER QA PASS,Older 0.8.8 QA release,Older reserved key recovered; NOT USED,UNVERIFIED,NOT PRODUCED AS FINAL,NOT PRODUCED AS FINAL,NOT PRODUCED AS FINAL,NOT VERIFIED,INCOMPLETE — NOT SIGNED AS FINAL,"Current head has icon-preview CI only. Full product and signed release acceptance must be repeated at current head, including reconstructed source/branding."
Annie,annie-android-ci,c6faa45dc045c78abac9c37c493e549569ace758,com.tomex777.annie,INCOMPLETE — NOT SIGNED AS FINAL,Annie Android CI #498 in_progress / 37001949088,CURRENT PENDING — preceding acceptance failed,CURRENT PENDING — preceding acceptance failed,Build/release packaging progressed,Existing backups preserved; NOT SIGNED AS FINAL,UNVERIFIED,NOT PRODUCED AS FINAL,NOT PRODUCED AS FINAL,NOT PRODUCED AS FINAL,NOT VERIFIED,INCOMPLETE — NOT SIGNED AS FINAL,Current #498 is pending after #497 and #496 product/runtime failures. Active feature/defect work continues separately; no current full production acceptance.
MISE / Artist Scene Studio,artist-scene-studio-foundation,81471daa6b4598e9abc8c39e9f871c71e6ecc151,studio.artistscene.app,INCOMPLETE — NOT SIGNED AS FINAL,Artist Scene Studio Android CI #204 in_progress / 37001624197,CURRENT PENDING — preceding acceptance failed,CURRENT PENDING — preceding acceptance failed,Release install smoke PASS,Existing backups preserved; NOT SIGNED AS FINAL,UNVERIFIED,NOT PRODUCED AS FINAL,NOT PRODUCED AS FINAL,NOT PRODUCED AS FINAL,NOT VERIFIED,INCOMPLETE — NOT SIGNED AS FINAL,Current #204 is pending after #203 renderer/runtime failures on both APIs. Active posing/renderer work continues separately; not a completed product.
Later,later-editor-qa,ecb5328d892c437541580219f32ec3547a9a5ef9,Current encoded source not reconstructed,INCOMPLETE — NOT SIGNED AS FINAL,Later editor QA #195 failure / 36824012526,NOT REVALIDATED,Editor FAIL,NOT PRODUCTION VALIDATED,Older reserved key preserved; NOT USED,UNVERIFIED,NOT PRODUCED AS FINAL,NOT PRODUCED AS FINAL,NOT PRODUCED AS FINAL,NOT VERIFIED,INCOMPLETE — NOT SIGNED AS FINAL,API 36 editor validation fails. Source snapshot #19 is green but is not product acceptance.
Mira,mira/production-foundation,e021f7477c16e4d7dba8a305a57de2e1ba021ff6,app.mira.android,INCOMPLETE — NOT SIGNED AS FINAL,Mira Android #19 failure / 36923222261,Startup FAIL,Startup FAIL,Build PASS,NOT CONFIGURED AS FINAL,UNVERIFIED,NOT PRODUCED AS FINAL,NOT PRODUCED AS FINAL,NOT PRODUCED AS FINAL,NOT VERIFIED,INCOMPLETE — NOT SIGNED AS FINAL,API 26/API 36 startup plus coexistence/extension ABI jobs fail; real source/download job alone is insufficient.
AOD foundation,aod-android-foundation,10e3690c619fc918019bc7a8b7ef7d8276576654,com.homira.aod,PRODUCTION FINALIZED,#23 SUCCESS / 36998776838 (attempt 1),PASS — permanently signed universal,PASS — permanently signed universal,"PASS — current checkout, tests, minified APK/AAB",CONFIGURED AND VERIFIED; OWNER RECOVERY VERIFIED,e5f2150cafd50317eb44cdd7fc7f7ee6e263abd282da99e8a71041c488674594,N/A — no native libraries; universal supports ARM64,AOD-production-universal.apk,app-release.aab,PASS — final production universal on API26/API36,PRODUCTION FINALIZED,
Shared YouTube Engine,youtube-engine-foundation,034313d0c0e9219bfee7c5eefc101508fb74eec5,Library modules; test app excluded,NON-ANDROID / NO APK SIGNING REQUIRED,YouTube Engine Foundation #127 success / 36699708761,Engine transport PASS,Engine transport PASS,Reusable AAR checkpoint available,NO APK SIGNING REQUIRED,UNVERIFIED,NOT PRODUCED,NOT PRODUCED,NOT PRODUCED,NOT VERIFIED,NON-ANDROID / NO APK SIGNING REQUIRED,README explicitly retains implementation limitations. Preserve this tested library checkpoint without claiming the entire future engine scope is complete.
Bailey Host,bailey-host-ci,5a2bb41387a0cc34dd5a694f40d308982bd7b3c0,Desktop identity dev.bailey.host,NON-ANDROID / NO APK SIGNING REQUIRED,Bailey Host CI #149 success / 35863851830,N/A,N/A,Windows portable package + packaged engine tests PASS,NO ANDROID KEY REQUIRED,UNVERIFIED,NOT PRODUCED,NOT PRODUCED,NOT PRODUCED,NOT VERIFIED,NON-ANDROID / NO APK SIGNING REQUIRED,"Electron desktop product. Current packaged tests are green, but full production completion and Windows distribution/signing custody were not certified in this audit."
YUWAI,yuwai-ci-audit,27dfe10a426149247952c8dd467539463456ca64,Web application,NON-ANDROID / NO APK SIGNING REQUIRED,YUWAI mobile-first audit #5 success / 34908595739,N/A,N/A,Chromium mobile audit PASS,NO ANDROID KEY REQUIRED,UNVERIFIED,NOT PRODUCED,NOT PRODUCED,NOT PRODUCED,NOT VERIFIED,NON-ANDROID / NO APK SIGNING REQUIRED,Web audit success is not a full product release certification; no Android package exists.
Relay,relay-integration-hardening,9e1be389e53846ca7eb03d1e1c1cadad018fa685,com.tomex777.relay,INCOMPLETE — NOT SIGNED AS FINAL,Relay UI build #10 failure / 36734720823,NOT VERIFIED,NOT VERIFIED,FAIL,NO KEY CREATED,UNVERIFIED,NOT PRODUCED AS FINAL,NOT PRODUCED AS FINAL,NOT PRODUCED AS FINAL,NOT VERIFIED,INCOMPLETE — NOT SIGNED AS FINAL,"Integration build fails; agent branches are duplicate development work, not separate products."
Keyboard,keyboard-ci,239eb262e755aac566e42c133bd127559635341c,com.night.keyboard,INCOMPLETE — NOT SIGNED AS FINAL,Keyboard Android CI #91 failure / 35548443001,NOT VERIFIED,NOT VERIFIED,FAIL,NO KEY CREATED,UNVERIFIED,NOT PRODUCED AS FINAL,NOT PRODUCED AS FINAL,NOT PRODUCED AS FINAL,NOT VERIFIED,INCOMPLETE — NOT SIGNED AS FINAL,Latest Android CI failed; root app module is experimental/development work.
Homira calls,homira-call-ci,95d19cd915549f95c47616fb8ddb6e9279371a11,com.night.homira (install-probe variant: com.night.homira.installprobe),INCOMPLETE — NOT SIGNED AS FINAL,Homira UI Smoke #115 failure / 35910233316,NOT VERIFIED,UI smoke FAIL,Build green,NO KEY CREATED,UNVERIFIED,NOT PRODUCED AS FINAL,NOT PRODUCED AS FINAL,NOT PRODUCED AS FINAL,NOT VERIFIED,INCOMPLETE — NOT SIGNED AS FINAL,A same-head UI failure overrides concurrent green packaging/network jobs.
Aether,aether-android-ci,e40abbdec07425488fa1a1b50fc3f9759fb88575,com.tomex.aether,INCOMPLETE — NOT SIGNED AS FINAL,Aether Android #9 success / 36077598562,NOT VERIFIED,Build/screenshot only,Build green,NO KEY CREATED,UNVERIFIED,NOT PRODUCED AS FINAL,NOT PRODUCED AS FINAL,NOT PRODUCED AS FINAL,NOT VERIFIED,INCOMPLETE — NOT SIGNED AS FINAL,"No complete API 26/API 36 production core-workflow, persistence, signed install, or owner-key proof."
PaheBatcher,pahebatcher-android-ci,837fdb22c34fef4d0a16021ece0b8cd89ced0f65,com.night.pahebatcher,INCOMPLETE — NOT SIGNED AS FINAL,PaheBatcher Android #171 success / 35441911381,NOT VERIFIED,Visual smoke only,Build green,NO KEY CREATED,UNVERIFIED,NOT PRODUCED AS FINAL,NOT PRODUCED AS FINAL,NOT PRODUCED AS FINAL,NOT VERIFIED,INCOMPLETE — NOT SIGNED AS FINAL,A green build/visual smoke does not establish complete dual-API production acceptance or permanent identity.
Cobalt / WhatsApp client,whatsapp-client,adf7b91d4aeb4ecb71e1e6dbf10bf1ee7aad5cd8,com.tomex.whatsappclient,INCOMPLETE — NOT SIGNED AS FINAL,WhatsApp Client Android #42 success / 35708578717,NOT VERIFIED,Runtime probe only,Compatibility/upstream package audit green,NO KEY CREATED,UNVERIFIED,NOT PRODUCED AS FINAL,NOT PRODUCED AS FINAL,NOT PRODUCED AS FINAL,NOT VERIFIED,INCOMPLETE — NOT SIGNED AS FINAL,PoC/upstream compatibility branches are excluded from production apps; no full accepted independent product release established.
Extension Chat,extension-chat-render35-ci,cdb30925a2c5d81e9019e6972dd393518a7daf6f,com.night.extensionchat,INCOMPLETE — NOT SIGNED AS FINAL,Extension Chat Android UI #53 success / 35378264158,NOT VERIFIED,Build/screenshot only,Build green,NO KEY CREATED,UNVERIFIED,NOT PRODUCED AS FINAL,NOT PRODUCED AS FINAL,NOT PRODUCED AS FINAL,NOT VERIFIED,INCOMPLETE — NOT SIGNED AS FINAL,UI experiment; no full accepted production application proof.
Night / NightMods historical experiments,nightmods-core-integration,056608b059fdf4e12cae29659a9ef1afb4c58b31,dev.nightmods.core,INCOMPLETE — NOT SIGNED AS FINAL,Night Mods Android CI #106 failure / 35065920847,NOT VERIFIED,NOT VERIFIED,Historical build checkpoints only,NO KEY CREATED,UNVERIFIED,NOT PRODUCED AS FINAL,NOT PRODUCED AS FINAL,NOT PRODUCED AS FINAL,NOT VERIFIED,INCOMPLETE — NOT SIGNED AS FINAL,Excluded historical experiment family; dozens of branches are not separate portfolio applications.
Secure rendering lab,secure-rendering-lab,b16f37f9fc2c0d41c423293a35bda6860ff8f220,com.tomex.securerenderlab,INCOMPLETE — NOT SIGNED AS FINAL,Secure Rendering System Emulator Probe #6 success / 35769335410,NOT VERIFIED,NOT VERIFIED,Experimental,NO KEY CREATED,UNVERIFIED,NOT PRODUCED AS FINAL,NOT PRODUCED AS FINAL,NOT PRODUCED AS FINAL,NOT VERIFIED,INCOMPLETE — NOT SIGNED AS FINAL,Rendering test fixture; excluded from portfolio apps and signing identities.
Liminal / portfolio / base web snapshots,liminal-engine-ci-20260910,54139b50f29b41e52e557a9650fe3e0cc7198605,Web snapshots,NON-ANDROID / NO APK SIGNING REQUIRED,NO CURRENT PRODUCT ACCEPTANCE,N/A,N/A,Static snapshots,NO APK SIGNING REQUIRED,UNVERIFIED,NOT PRODUCED,NOT PRODUCED,NOT PRODUCED,NOT VERIFIED,NON-ANDROID / NO APK SIGNING REQUIRED,Static/demo snapshots do not establish finished independent production products.
MSCC / source/API probe tooling,mscc-azure,c5d975ba13862a9c43b0491b4f078c02ae37a6d9,Server/scripts; no Android application,NON-ANDROID / NO APK SIGNING REQUIRED,MSCC Azure #438 success / 37001445454,N/A,N/A,Per-source partial probes,NO APK SIGNING REQUIRED,UNVERIFIED,NOT PRODUCED,NOT PRODUCED,NOT PRODUCED,NOT VERIFIED,NON-ANDROID / NO APK SIGNING REQUIRED,"These are server/script capabilities and experiments, not APK products. Broader completion is not inferred from individual probe successes."
Elementum (external repository),elementum,997ae431f4db5264d7b8b7f2df6de212f0b102cd (Tomex777/FallingSandJava),External Android app; ID not inspected,INCOMPLETE — NOT SIGNED AS FINAL,Elementum Android build #188 success / 36824708142,NOT VERIFIED,Runtime smoke green; API not re-certified,Latest workflow debug build only,Reserved backup preserved; NOT USED,UNVERIFIED,NOT PRODUCED AS FINAL,NOT PRODUCED AS FINAL,NOT PRODUCED AS FINAL,NOT VERIFIED,INCOMPLETE — NOT SIGNED AS FINAL,Not present in any Build branch. External repo head 997ae431f4db5264d7b8b7f2df6de212f0b102cd; no production release/permanent-signed dual-API evidence from latest workflow.
Sora historical media experiments,sora-media-ci,6b1a226e706163aa53e2d35585f4312a76b7f1e7,com.night.sora,INCOMPLETE — NOT SIGNED AS FINAL,#66 SUCCESS / 36135496675,N/A,N/A,N/A,N/A,N/A,N/A,N/A,N/A,N/A,INCOMPLETE — NOT SIGNED AS FINAL,Historical media prototype (0.1.0/1); compilation/smoke is not an accepted independent completed product. Duplicate Sora branches grouped; no final key created.
